{"token": "ya29.a0ARrdaM-GxzKXYkRM-Y1I8Y78FyrEkzGSd2-QeTbpScNa57sCpGKhS3nrWQMej8kcMSWsKajaVt8-7YOmbn0Y2sIpDftsObRD2qjvjcVIJUksP8EkMdg9HvLilRaifbu4BYs-7mYL2HWPOp4jsYCv_o-yyMdN", "refresh_token": "1//01CDOlfw_XpgeCgYIARAAGAESNwF-L9IrfymH7pcQ4ixtE_9murJpFwxvxsYpDOlEDXIx3RHiRFmIEUUdAIhvYK1_J0Dy_OO6zIY", "token_uri": "https://oauth2.googleapis.com/token", "client_id": "941259249879-qvolefl2blu2bmf32ou26vr0cmocl02j.apps.googleusercontent.com", "client_secret": "uVfTL-v1dQZroS1JYdYU17Az", "scopes": ["https://www.googleapis.com/auth/calendar.readonly"], "expiry": "2021-09-30T21:57:29.520484Z"}