{"token": "ya29.a0ARrdaM853Yo8By5CI6tAWOvGeH7O42VIJ3Rczny6c1jzvdhorYvqbw3WnuP78zitfjCGR8QI8NSmBeP4hnD6XWDpzDGUEsbNK_2pTB5cD8mGBvbUn7Xk9fMhlShjyrFK7pWv5h1roxqzFRJHCYS9S1Q4cyr7AQ", "refresh_token": "1//01CDOlfw_XpgeCgYIARAAGAESNwF-L9IrfymH7pcQ4ixtE_9murJpFwxvxsYpDOlEDXIx3RHiRFmIEUUdAIhvYK1_J0Dy_OO6zIY", "token_uri": "https://oauth2.googleapis.com/token", "client_id": "941259249879-qvolefl2blu2bmf32ou26vr0cmocl02j.apps.googleusercontent.com", "client_secret": "uVfTL-v1dQZroS1JYdYU17Az", "scopes": ["https://www.googleapis.com/auth/calendar.readonly"], "expiry": "2021-10-04T14:50:28.765696Z"}